{"unweighted": {"overall": 13.31004366812227, "female": 11.96551724137931, "male": 15.284722222222221}, "weighted": {"overall": 55.94759825327511, "female": 38.51724137931034, "male": 71.63888888888889}}