{"unweighted": {"overall": 13.31004366812227, "male": 15.284722222222221, "female": 11.96551724137931, "unknown": 5.666666666666667}, "weighted": {"overall": 55.94759825327511, "male": 71.63888888888889, "female": 38.51724137931034, "unknown": 9.703703703703704}}
